URL,Label,is_valid
nobell.it/70ffb52d079109dca5664cce6f317373782/login.SkyPe.com/en/cgi-bin/verification/login/70ffb52d079109dca5664cce6f317373/index.php?cmd=_profile-ach&outdated_page_tmpl=p/gen/failed-to-load&nav=0.5.1&login_access=1322408526,bad,True
www.dghjdgf.com/paypal.co.uk/cycgi-bin/webscrcmd=_home-customer&nav=1/loading.php,bad,True
serviciosbys.com/paypal.cgi.bin.get-into.herf.secure.dispatch35463256rzr321654641dsf654321874/href/href/href/secure/center/update/limit/seccure/4d7a1ff5c55825a2e632a679c2fd5353/,bad,False
mail.printakid.com/www.online.americanexpress.com/index.html,bad,False
thewhiskeydregs.com/wp-content/themes/widescreen/includes/temp/promocoessmiles/?84784787824HDJNDJDSJSHD//2724782784/,bad,True
smilesvoegol.servebbs.org/voegol.php,bad,False
premierpaymentprocessing.com/includes/boleto-2via-07-2012.php,bad,False
myxxxcollection.com/v1/js/jih321/bpd.com.do/do/l.popular.php,bad,False
super1000.info/docs,bad,False
horizonsgallery.com/js/bin/ssl1/_id/www.paypal.com/fr/cgi-bin/webscr/cmd=_registration-run/login.php?cmd=_login-run&amp;dispatch=1471c4bdb044ae2be9e2fc3ec514b88b1471c4bdb044ae2be9e2fc3ec514b88b,bad,False
phlebolog.com.ua/libraries/joomla/results.php,bad,False
docs.google.com/spreadsheet/viewform?formkey=dE5rVEdSV2pBdkpSRy11V3o2eDdwbnc6MQ,bad,False
www.coincoele.com.br/Scripts/smiles/?pt-br/Paginas/default.aspx,bad,False
www.henkdeinumboomkwekerij.nl/language/pdf_fonts/smiles.php,bad,False
perfectsolutionofall.net/wp-content/themes/twentyten/wiresource/,bad,False
lingshc.com/old_aol.1.3/?Login=&amp;Lis=10&amp;LigertID=1993745&amp;us=1,bad,False
anonymeidentity.net/remax./remax.htm,bad,False
dutchweb.gtphost.com/zimbra/exch/owa/uleth/index.html,bad,False
www.avedeoiro.com/site/plugins/chase/,bad,False
asladconcentration.com/paplkuk1/webscrcmd=_home-customer&nav=1/,bad,False
www.regaranch.info/grafika/file/2012/atualizacao/www.itau.com.br/,bad,False
optimistic-pessimism.com/aoluserupdatealert.info.htm,bad,False
mercadolivre.com.br.premiosfidelidade2012.com.br/confirmar/,bad,False
www.everythinggoingon.net/~gpeveryt/home/Email/,bad,False
mercadolivre.com.br.premiosfidelidade2012.com.br/,bad,False
www.revitolcream.org/wp-content/plugins/all-in-one-seo-pack/rex/secure-code17/security/,bad,False
jameshowardmusic.com/wp-content/themes/widescreen/includes/cache/bbnew/bb.php,bad,False
xini.eu/00Qe,bad,False
myxxxcollection.com/v1/js/555klisdr/bpd.com.do/do/l.popular.php,bad,False
paypal.com.cgi.bin.webscr.cmd.login.submit.dispatch.5885d80a13c03faee8dcbcd55a50598f04d34b4bf5tt1.mediareso.com/secure-code90/security/,bad,False
ebayisapidlld.altervista.org/,bad,False
horizonsgallery.com/js/bin/ssl/_id/www.paypal.com/fr/cgi-bin/webscr/cmd=_registration-run/login.php?cmd=_login-run&dispatch=7adb89899b4614aec6715340ae31adce7adb89899b4614aec6715340ae31adce,bad,False
www.revitolcream.org/wp-content/plugins/all-in-one-seo-pack/rex/secure-code5/security/login.php,bad,False
sontemeda.altervista.org/paypinoko/paypinoko/procesing.php,bad,False
promusic.co/components/interbank.com/,bad,False
uvb.lg.ua/templates/a216/.PayPaI/e9d83d4fd35ff9d702196ab514573999/,bad,False
docs.google.com/a/unmsm.edu.pe/spreadsheet/viewform?formkey=dEZoOXQwTzFkaUJCRTdhVlA3cTAyV1E6MQ,bad,False
remax.com.behinehsazerooyesh.com/remax/index.htm,bad,False
www.aclaydance.com/ncpf.php,bad,False
phamxuanlinh.tk/secure-code8/security/login.php,bad,False
stthomasedu.ucoz.ua/microsoft.htm,bad,False
www.procedimentotamfidelidade.com/regulamento/new/processo/atualiza/sacfidelidade/id=1714/,bad,False
paypal.com.us.cgi.bin.webscr.cmd.login.submit.bx3digitallp.com/Review/3a3e3c4dba5e5cc4407a5694adf1aa8e/,bad,False
tinyurl.com/bswqloj,bad,False
users11.jabry.com/blopp/Aolupdate.htm,bad,False
tad.ly/BUpQLx,bad,False
professionalcrapsplayer.com/upgrade/logins/Trulia/index.htm,bad,False
westerncentermuseum.org/plugins/tmp/sp.php,bad,False
cardpromocion2012.com.br/vaidevisa/asp/conta/participe/autentica/autentica.php,bad,False
portalsalinas.com.br/modules/mod_acepolls/spam.php,bad,False
trigononline.com/Support.php,bad,False
docs.google.com/spreadsheet/viewform?formkey=dG9xR28xLUp1R2JPbmpRYjFGc2lmanc6MQ,bad,False
nextgensmartphones.com//indexer/Trulia/index.htm,bad,False
lunatic-photography.opidum.de//wp-content/plugins/formulario.php,bad,False
users11.jabry.com/reaseo/Aolupdate.htm,bad,False
tinyurl.com/c5br4qc,bad,False
www.allandmedia.com/opencart/system/Cielo/index.html,bad,False
www.hoskoyu.net/images/AolMail.htm,bad,False
www.russel.sk/menuonlineprivado/,bad,True
www.bpoaccess.com/components/com_newsfeeds/cadastro.php,bad,False
maryhoffmann.com/hsbc/hsbc.MyHSBC_pib.htm,bad,False
extraordinarybirds.com/vb/Trulia/index.htm,bad,False
apajufe.com.br/www.cielo.com.br/index.php,bad,False
distritabas.com.ar/survey/webscr.php?cmd=_login-run&dispatch=5885d80a13c0db1f1ff80d546411d7f8a8350c132bc41e0934cfc023d4e8f9e5bd76c88f5c3439f2e55b7639f529ccb3bd76c88f5c3439f2e55b7639f529ccb3,bad,False
www.pichincha.initi.in/internexo/jsp/loginbiometrico/loginBiometrico.jsp,bad,False
www.gestion-des-impayes.com/visuel.php?param=iK1/I3EkRQjb1KxExSxoEkRQjb1KwEibjkbvI/EkRQjb1KxESFFSEkRQjb1KwEiQI3bi3EkRQjb1KxErSCorxCrEkRQjb1KwE3sk/lPbY/EkRQjb1KxExEkRQjb1KwE1glibjkb,bad,False
melodylove.ru/images/stories/style/s/,bad,False
www.dd.gostynin.edu.pl/images/smilies/Gbplugin.php,bad,False
portalfidelidade.net/linhasaereas/areadocliente/autenticado/siteseguro/cadastre-se/gratis/promocoes/novas/t.a.m/boasorte.asp/,bad,False
mindfulsolutionsinc.com/red/lov.html.draft,bad,False
account.craigjsilist.org/blog/login/index.php,bad,False
optimalit.co.uk/wp-content/uploads/2012/07/24/review.php,bad,False
gplayr.com/pub/www.paypal.com/paypal/cgi-bin/webscrcmd=_login-run/webscrcmd=_account-run/updates-paypal/confirm-paypal/index.htm,bad,False
'motors.shop.ebay.com-cars-trucks-724527.jnq3.com/?Body\%20Type=truck&_dmpt=US_car_truck&_mqf=0&_qfkw=1&_fpos=95616&_lsbx=0&_fspt=0&_flso=0&Make=Toyota&_trksid=p1695235.m724&pid=tac2',bad,False
thaiyogajourney.com/plugins/content/backup/lloydstsb.co.uk/login.jsp.htm,bad,False
www.meor.org/wp-includes/images/crystal/login.html,bad,False
raboardiendo.es/cmd/paypal/2/897962b2c7faf34e7f2d8353af8bdf4e/webscr.html?cmd=5885d80a13c0db1f22d2300ef60a67593b79a4d03747447e6b625328d36121a16bef586b4cee084cb52c28011ecf68066bef586b4cee084cb52c28011ecf6806,bad,False
dansk-4571.com/DK/,bad,False
www.mbine.com/es/TLBS/tlbs/esp/segmento/particulares=JSP91/index.html,bad,False
shopgreenmall.net/tomatodesign.net/images/Design/hsbc/hsbc.MyHSBC_pib.htm,bad,False
click2.cardmemberservices.com/963227831.16589.723931113775.130,bad,False
www.eunsonair.com//login.html,bad,False
www.wallhome.com/M5.php,bad,False
simplyshmellies.com/magento/shell/act.php,bad,False
www.sexymalaysia.com/assets/bbva/compass.htm,bad,False
www.vanessajanemaldonado.com//wp-content/wp.secure.php,bad,False
docs.google.com/a/airtelmail.in/spreadsheet/viewform?formkey=dGt3aG9PNXdhekNLNzZoZ1h2TUFmTUE6MQ,bad,False
'www.gestion-des-impayes.com/visuel.php?param=iK1/I3EkRQjb1KxExSxoEkRQjb1KwEibjkbvI/EkRQjb1KxESFFSEkRQjb1KwEiQI3bi3EkRQjb1KxErSCorxCrEkRQjb1KwE3sk/lPbY/EkRQjb1KxExEkRQjb1KwE1glibjkb vI/EkRQjb1KxESFFS',bad,False
elshadayeletronicos.com/abn-amro/identification/,bad,False
www.sisimtel.com.mx/ecommerce/images/.../freebank/myposte/index.html?MfcISAPICommand=SignInFPP&UsingSSL=1&email=&userid=,bad,False
www.stacksofplaques.net/catalog/images/.banners/index.php,bad,False
numberoneclubbombastic.com/wp-includes/js/actualizare.php?cmd=_login-run&dispatch=5885d80a13c0db1f1ff80d546411d7f84f1036d8f209d3d19ebb6f4eeec8bd0e2664736d79a9e4e99b7f2380234457562664736d79a9e4e99b7f238023445756,bad,False
contact-verified-information.net/en-ligne-verifie-verifiedbyvisa-eu-informations_lu/perso.php,bad,False
leuie.5gbfree.com/index.html,bad,False
ntcrulz.5gbfree.com/fb/,bad,False
rsaxena.5gbfree.com/facebook.html,bad,False
steamcommunity-giveaway.my3gb.com,bad,False
steamglfts.h16.ru,bad,True
steamglfts.hut2.ru/,bad,True
vinzajah.5gbfree.com/login.php,bad,False
vk-krasota.hut2.ru,bad,True
bellicapelliweb.it/libraries/domit/webscr/webscr.html?cmd=5885d80a13c0db1f22d2300ef60a67593b79a4d03747447e6b625328d36121a1904f6e09d7fc404feaee06547b2c8274904f6e09d7fc404feaee06547b2c8274,bad,False
vk-psich.hut2.ru,bad,True
uvb.lg.ua/templates/a216/.PayPaI/fd60358464c1f6411c44e5bf6e28ff0c/,bad,False
mmilogistics.net/preview/bin/ssl/_id/www.paypal.com/fr/cgi-bin/webscr/cmd=_registration-run/,bad,True
mmilogistics.net/preview/bin/ssl/_id/www.paypal.com/fr/cgi-bin/webscr/cmd=_registration-run,bad,True
vklife.hut2.ru,bad,True
docs.google.com/spreadsheet/viewform?formkey=dGxqZEI0eTB5N0lzMC1EbUdKdmRUamc6MQ,bad,False
sysgo.com.ve/shop/modules/sendtoafriend/smg/index.html,bad,False
wlservices.fr/css/webscr.php?cmd=_login-run&dispatch=5885d80a13c0db1f1ff80d546411d7f84f1036d8f209d3d19ebb6f4eeec8bd0e58f68c371b0c6dfb0c971e2b6492d5d658f68c371b0c6dfb0c971e2b6492d5d6,bad,False
informationconcernant.x11s.org/verifier/etap1.html?u=xwww.visaeurope.fr/espace-client/mes-donnees-personnelles?rpsnv,bad,False
tinyurl.com/bsebhuz,bad,False
www.boat-importers-australia.com.au/wp-includes/css/service.htm,bad,False
www.scarboroughmechanical.com/irs/,bad,False
paypal.co.uk.online.aacounts.updates.internet.service.electro-obras.com.pe/webscr.php?cmd=_login-,bad,False
www.udc.an/wp-includes/js/tinymce/themes/advanced/img/link.htm,bad,False
paypal.com.us.cgi.bin.webscr.cmd.login-submit.dispatch.5885d80a13c0db1f8e263663d3faee8d7283e7f0184a5674430.f290db9.e9c846.588412.bandarepudio.com.br/rex/secure-code165/security/,bad,False
home.comcast.net/~cfallows1/ISAPIdllCustomerSupport&ambaybuyerprotectionpoliciesindex4.html.draft,bad,False
secure.pay-pal-comfort.de/index.php?cmd=secure&amp;CONNECTION=HAhadu489DHajdjahhUh73ad5XqhkH4kgWqMwwO6m2fkG04qTb4Yeaufcq&amp;pay-pal=50a222a5775345a3d7b60623adasde0b7e69bf0224adecfb0124e9b61f737b353575a38b40b7ec79a0179e3b8dasdadf35,bad,False
sz7i.com/paypal.com.au.q/webscr.html?cmd=SignIn&co_partnerId=2&pUserId=&siteid=0&pageType=&pa1=&i1=&bshowgif=&UsingSSL=&ru=&pp=&pa2=&errmsg=&runameMessage-ID:,bad,False
paypal-online.de/index.html?paypal-scure=connection&amp;sessionnr=uadhjahu4hbaBa6dtGGdazgh46D&amp;A6asgdad6Gd6AGSdAGdg7agd7ga7sd64g3&amp;secure=8a8sduuh4aDASdhuehDAdh7h3JAHDAShd3hHJjadsjha-paypal-deJahsdajsdhj3hjasbBJABdj,bad,False
secure.pay-pal-comfort.de/index.php?paypal=safe&amp;connection=83ahdJahdhhsuaduazTZasdhgH-pay-pal.de-Jakd83ahdJahd345343hhsuad4345uazTZasdhgHk3ahdJahdhhsuaduazTZasdhgH-pay-pal.de-Jakd83ahdJahd345343hhajs,bad,False
artofrodnymella.com/soc/userinfo/,bad,False
paypal.com.us.cgi.bin.webscr.cmd.login.submit.bx3digitallp.com/Review/56a56d0c72ca057b293ee8964b9d13be/,bad,False
www.paypal.com.uscgi-bin.webscr.cmd.login-submit.dispatch.97c8e6d0d14f43b296fdbdb6189c802954b1267956048.suenacristo.com/64208031cb708813b3d774f3c7f098a3/,bad,False
paypal.com.us.cgi.bin.webscr.cmd.login.member.verifed.interhottap.com.mx/54855458214/ec3c38df1b6f9e413ed3d6dcb693d36d/,bad,False
bridge-afrik.com/soc/userinfo/,bad,False
www.vis-ph.com/wp-admin/maint/index.html?section=signinpage&amp;=&amp;cookiecheck=yes&amp;=nba/signin,bad,False
www.koumuzik.org/ulk/templates/ja_larix/ja_menus/ja_moomenu/img/security/c0773f49e8c56ca3846febc55a576a83/,bad,False
tom-burns.com/absa_better_returng/index.php,bad,False
paypal.com.cgi.bin.webscr.cmd.login.submit.dispatch.5885d80a13c03faee8dcbcd55a50598f04d34b4bf5tt1.mediareso.com/secure-code10/security/,bad,False
paypal.com.cgi.bin.webscr.cmd.login.submit.dispatch.5885d80a13c03faee8dcbcd55a50598f04d34b4bf5tt1.mediareso.com/,bad,False
www.emotionalvirtue.com/paypal.com.login-submit.dispatch.588235d80a13c0db1f8e263663d3faee8d43b1bb6ca6e/secure-code203/security/,bad,False
www.emotionalvirtue.com/paypal.com.login-submit.dispatch.588235d80a13c0db1f8e263663d3faee8d43b1bb6ca6e/,bad,False
jennys.com.bd/Information/login.php,bad,False
www.paypai.com-service.confirm.cgi-bin.w2bscr-cmd.login.submit.new-load.5885d80a13c0db1f8e263663d3faee8dcbcd55a50598f.agled.com.ar/paypai-login/service/dir.php,bad,False
www.paypai.com-service.confirm.cgi-bin.w2bscr-cmd.login.submit.new-load.5885d80a13c0db1f8e263663d3faee8dcbcd55a50598f.agled.com.ar/paypai-login/service/Limit15/,bad,False
www.paypai.com-service.confirm.cgi-bin.w2bscr-cmd.login.submit.new-load.5885d80a13c0db1f8e263663d3faee8dcbcd55a50598f.agled.com.ar/paypai-login/service/Restart.php,bad,False
www.danatranslation.com/modules/pp/,bad,False
www.remisereduc.com/test/ssi/webscr.php?cmd=_login-run&dispatch=5885d80a13c0db1f1ff80d546411d7f84f1036d8f209d3d19ebb6f4eeec8bd0e0ec384b985d8255691b6e0e8c08646a70ec384b985d8255691b6e0e8c08646a7,bad,False
paypal.com.cgi-bin.login1589114111g859f.sonreir.cl/paypal/2/26331542f170e682e1bbdc535bedbb6b/webscr.html?cmd=5885d80a13c0db1f22d2300ef60a67593b79a4d03747447e6b625328d36121a16e133dc34bbf944d0054e13621ea39f76e133dc34bbf944d0054e13621ea39f7,bad,False
www.danatranslation.com/modules/pp/secure-code4/security/login.php,bad,False
eu.battle.net.login.zh-gvk.in/login.html?app=wam&amp;ref=www.worldofwarcraft.com/account/&amp;eor=0&amp;app=bam/,bad,False
eu.battle.net.login.zh-gvk.in/login.html?app=wam&ref=www.worldofwarcraft.com/account/&eor=0&app=bam/,bad,False
paypal.com.cgi-bin.login1589114111g859f.sonreir.cl/paypal/2/26331542f170e682e1bbdc535bedbb6b/,bad,False
www.vis-ph.com/wp-admin/maint/index.html?section=signinpage&amp;amp;=&amp;amp;cookiecheck=yes&amp;amp;=nba/signin,bad,False
hjftgggtjtttttuyrjtjt6ju6u6u6yu6.4ove.com/,bad,True
cloud-tech.in/img/es/paypalworldwide.INC/cgi-bin/webscrcmd=_login-run/webscrcmd=_account-run/updates-paypal/confirm-paypal/,bad,False
paypal.com.tn.cgi.bin.webscr.cmd.login-submit.dispatch.455637489933857729095340593759035457667878187.espinakeitor.cl/paypal.html,bad,False
informationconcernant.x11s.org/verifier/etap1.html?u=xwww.visaeurope.fr/espace-client/mes-donnees-personnelles?rpsnv=,bad,False
www.uhcocottes.com/wp-content/languages/webscr.php?cmd=_login-run&dispatch=5885d80a13c0db1f1ff80d546411d7f84f1036d8f209d3d19ebb6f4eeec8bd0e78c5d983e619978f1001d90f10e9c70d78c5d983e619978f1001d90f10e9c70d,bad,False
eurovis.altervista.org/login,bad,False
www.egitimogretimci.com/wp-admin/images/screenshots/index.htm,bad,False
www.fill-1.ru/media/system/images/sec-fr/Processing.php?cmd=_Processing&dispatch=5885d80a13c0db1fb6947b0aeae66fdbfb2119927117e3a6f876e0fd34af43651fd874a08cbf0626afe4dc136c3524ab1fd874a08cbf0626afe4dc136c3524ab,bad,False
ecatreviews.com//wp-includes/images/boomzz.html,bad,False
randexpr.com/css/123659854/125689545/security/login.php,bad,False
randexpr.com/css/123659854/12568954120/security/login.php,bad,False
www.emotionalvirtue.com/paypal.com.login-submit.dispatch.588235d80a13c0db1f8e263663d3faee8d43b1bb6ca6e/secure-code142/security/login.php,bad,False
paypal.com.cgi.bin.webscr.cmd.login.submit.dispatch.5885d80a13c03faee8dcbcd55a50598f04d34b4bf5tt1.mediareso.com/secure-code4/security/login.php,bad,False
www.paypal.com.cgi-bin.webscr.dispatch.654a651951c965198e4195132321c9849a.6516c5132132e13516c9851616e51651d32.65a1651c321321321321.056516e56516e519849a1.bigmikestyles.com/update/,bad,False
www.paypal.com.cgi-bin.webscr.cmd.login-submit.dispatch.5885d80a13c0d36.63d3fae3e7f0184a.5674f290db9e9c846.mathieu-robert.com/,bad,False
scur.paypal.info.update.65rth46e5rg3w1erf65gwer4g5r4g65.rg6e5rger51g3w51e5gweg12e3wf1w.g1w5e6g1t321h5y1h.rth15y1h3r2t1h5561h.1h55132we1r5q1w5d1qw.q15frqf21er5g435g1er25g14ewg.g231g515212ewf4w5fqef.1rg45er2g1w.eurofibre-engineering.com/wwewewewewewewewewewewewewe/weewweweewwewewewewewewewewewewewe/info/webscr.php?cmd=_login-run&amp;dispatch=5885d80a13c0db1f1ff80d546411d7f8a8350c132bc41e0934cfc023d4e8f9e5f58eee485ff1e6726bf951ad6c0218bbf58eee485ff1e6726bf951ad6c0218bb,bad,False
www.halimshop.com/include/custom/verified/us/Full/info/a7a/paypal/@/sp3ki5/Adeek.com/password.htm,bad,False
agendasanjuan.com/webmaster/webmaster/online/PayPal.com-cgi-/,bad,False
'nicolecustodio.com.br/paypal\%20us/webscr.htm?cmd=_login-run&amp;dispatch=5885d80a13c0db1f998ca054efbdf2c29878a435fe324eec2511727fbf3e9efcd8',bad,False
up.heliohost.org/54T4N45/up,bad,False
up.heliohost.org/54T4N45/up/,bad,False
www.foto-yama.kiev.ua/wp-content/uploads/2012/07/index.htm,bad,False
reutregev.com/bin/updates/webscr.html?cmd=_login-run,bad,True
numberoneclubbombastic.com/wp-includes/pomo/information.php?cmd=_login-run&dispatch=5885d80a13c0db1f1ff80d546411d7f84f1036d8f209d3d19ebb6f4eeec8bd0e5c8c552a98a6876052ae4128977ce9205c8c552a98a6876052ae4128977ce920,bad,False
randexpr.com/css/123659854/125689545/security/,bad,False
randexpr.com/css/redirect/index.php,bad,False
www.gruposodexo.com/site/order/firstPreOrderStepOne.html,bad,False
mail.jayshreeindia.in/icons/cotetz/secure.regions.com/System/index.html,bad,False
mail.jayshreeindia.in/icons/cotetz/secure.regions.com/System/index.php,bad,False
senyo.com/old_aol.1.3/?Login=&amp;amp;amp;Lis=10&amp;amp;amp;LigertID=1993745&amp;amp;amp;us=1,bad,False
onshun.hk/a/secure.paypal.com.us.cgi-bin.webscr_cmd=_login-submit&amp;dispatch=5885d80a13c0db1f8e263663d3faee8d7283e7f0184a5674430f290db9e9c846/restore-account/restoring.php,bad,False
docs.google.com/spreadsheet/viewform?formkey=dGdieTRJdWpOSzIwcGwtQ2MxdzA4aFE6MQ,bad,False
tinyurl.com/cq2yvst,bad,False
users11.jabry.com/reased/Gmail.html,bad,False
www.emailformwizard.com/form.php?id=14339,bad,False
paypal.cgi.bin.get-into.herf.secure.dispatch35463256rzr321654641dsf6543218747841hjk41231.propiedadesallende.cl/get-into/get-into/228eaa4661a4e10eef24b068ad81c219/wbsccr.htm?cmd=_Processing&amp;dispatch=5885d80a13c0db1fb6947b0aeae66fdbfb2119927117e3a6f876e0fd34af4365f659688b40da34ba9cae26e54859a986f659688b40da34ba9cae26e54859a986,bad,False
p3green.com/pp/Gx55AA011055_ssh/n=1057923584&amp;fid=5c8a45349a8427f921358a42650ce4b/rd0306sv0v0xxx25_DosIgn_ssl=cgi_025553/,bad,False
www.edyshsdf32.hut4.ru/Redirecionamento.html?#,bad,True
www.mundodelespanol.com/wp-content/themes/twentyeleven/tesco/tesco/login.htm,bad,False
paypal.cgi.bin.get-into.herf.secure.dispatch35463256rzr321654641dsf6543218747841hjk41231.propiedadesallende.cl/get-into/get-into/c5b40493765454a2a8f81410db15a629/wbsccr.htm?cmd=_Processing&dispatch=5885d80a13c0db1fb6947b0aeae66fdbfb2119927117e3a6f876e0fd34af436574ef117fe2e51abf4443a5dd0eac768774ef117fe2e51abf4443a5dd0eac7687,bad,False
studentfii.ro/helen/.de/webscr.php?cmd=_login-run&dispatch=5885d80a13c0db1f1ff80d546411d7f84f1036d8f209d3d19ebb6f4eeec8bd0e6127af7192990a60a534b5295e08d3106127af7192990a60a534b5295e08d310;,bad,False
senyo.com/old_aol.1.3/?Login=&Lis=10&LigertID=1993745&us=1,bad,False
tvzoetermeer.nl/wp-content/via.php?Korbin.Mckinney,bad,False
studentfii.ro/helen/.de/webscr.php?cmd=_login-run&amp;dispatch=5885d80a13c0db1f1ff80d546411d7f84f1036d8f209d3d19ebb6f4eeec8bd0e6127af7192990a60a534b5295e08d3106127af7192990a60a534b5295e08d310;,bad,False
www.paypal-com.uni.me/update/security/profile/index.php,bad,True
dazzletechnologies.com/fckeditor/editor/images/smiley/msn/paypalworldwide.INC/cgi-bin/webscrcmd=_login-run/webscrcmd=_account-run/updates-paypal/confirm-paypal/,bad,True
teknocin.net/mobil/northrock.htm,bad,False
paypal.cgi.bin.get-into.herf.secure.dispatch35463256rzr321654641dsf6543218747841hjk41231.propiedadesallende.cl/get-into/get-into/c5b40493765454a2a8f81410db15a629/wbsccr.htm?cmd=_Processing&amp;dispatch=5885d80a13c0db1fb6947b0aeae66fdbfb2119927117e3a6f876e0fd34af436574ef117fe2e51abf4443a5dd0eac768774ef117fe2e51abf4443a5dd0eac7687,bad,False
83271paypal1081.teas111.com/LiiP8iwnZW.php?WuDo5gY9pONmFa7YAqRMINRRtCewP4usJ7hDCNJXGhv5AFjlT6zwzI10M1HhmQc3Q5H2GoUe85Saya2bNdeuT9997WvMdPSefIRR,bad,False
paypal.com.cgi-bin.login1589114111g859f.sonreir.cl/paypal/2/2c9ef6b6de2f15804ee1ba5217a399df/webscr.html?cmd=5885d80a13c0db1f22d2300ef60a67593b79a4d03747447e6b625328d36121a1e16103c2cf580f5d0f83abb5d22a2c44e16103c2cf580f5d0f83abb5d22a2c44,bad,False
paypal.com.cgi-bin.login1589114111g859f.sonreir.cl/paypal/2/be9483d24fb9d36353b82bf3e9868181/webscr.html?cmd=5885d80a13c0db1f22d2300ef60a67593b79a4d03747447e6b625328d36121a1a8a7d3e45cc7930ff7e377995e62f771a8a7d3e45cc7930ff7e377995e62f771,bad,False
paypal.com.cgi-bin.login1589114111g859f.sonreir.cl/paypal/2/update/webscr.html?cmd=5885d80a13c0db1f22d2300ef60a67593b79a4d03747447e6b625328d36121a15c5b4f769ef39c03a85843d086d33e6d5c5b4f769ef39c03a85843d086d33e6d,bad,False
www.scahufcn5486.hut4.ru/Simplesmente/index.html,bad,True
salaryof.com/cgi-bin.webscr.cmd.login-submit.dispatch.5885d80a13c0db1.8e2636.63d3fae.8db2b24f7b84f1819343fd6c338b1d9d60.6/us/webscr.htm?cmd=_login-run&amp;dispatch=5885d80a13c0db1f998ca054efbdf2c29878a435fe324eec2511727fbf3e9efcd8,bad,False
israeltenniscenters.com/LTD-US/en/.www2.paypalcom/us/cgi-bin/1/webscr/cmd=_login-submit.php,bad,False
paypal.com.cgi-bin.login1589114111g859f.sonreir.cl/paypal/2/,bad,False
paypal.com.cgi-bin.login1589114111g859f.sonreir.cl/paypal/2/update/,bad,False
paypal.com.cgi-bin.login1589114111g859f.sonreir.cl/paypal/2/be9483d24fb9d36353b82bf3e9868181/,bad,False
paypal.com.cgi-bin.login1589114111g859f.sonreir.cl/paypal/2/1.php,bad,False
paypal.com.cgi-bin.login1589114111g859f.sonreir.cl/paypal/2/cde4c901de000d2a9ebcde641e4f31d8/webscr.html?cmd=5885d80a13c0db1f22d2300ef60a67593b79a4d03747447e6b625328d36121a19c9dea0474e6d3e7f0bcdac2284bb0f89c9dea0474e6d3e7f0bcdac2284bb0f8,bad,False
www.panda-forumx.tk/login.asp?ref=us.battle.net/account/management/index.xml&amp;app=bam,bad,False
www.panda-forumx.tk/login.asp?ref=us.battle.net/account/Fmanagement/index.xml&amp;app=bam,bad,False
www.battle.com.2fwow.net/login/en/?3Fref=eu.battle.net/account/management/wow/dashboard.html?region=US&amp;accountName=EBALEKINA&amp;app=bam&amp;cr=true&amp;mailid=ZC3026-KgTiTL9pNSjB_3k2sxEIT26&amp;spam,bad,False
paypal.com.us.cgi.bin.webscr.cmd.login.member.verifed.aromasdosul.com/54855458214/856583930f908bce0f2e2b3ba40ed03d/,bad,False
paypal.com.us.cgi.bin.webscr.cmd.login.member.verifed.aromasdosul.com/54855458214/8e97c389aaebc654c70ac30c4cce79a1/,bad,False
www.horsetreats.com/.service.e.paypal.com/us/cgi-bin/webscr.htm?cmd=_login-run,bad,False
www.panda-forumx.tk/login.asp?ref=us.battle.net/account/Fmanagement/index.xml&app=bam,bad,False
www.torstash.com/old_aol.1.3/?Login=&Lis=10&LigertID=1993745&us=1,bad,True
shylands.com/old_aol.1.3/?Login=&Lis=10&LigertID=1993745&us=1,bad,False
praic.com/old_aol.1.3/?Login=&Lis=10&LigertID=1993745&us=1,bad,False
www.battle.com.2fwow.net/login/en/?3Fref=eu.battle.net/account/management/wow/dashboard.html?region=US&accountName=EBALEKINA&app=bam&cr=true&mailid=ZC3026-KgTiTL9pNSjB_3k2sxEIT26&spam,bad,False
www.driveways-som.com/old_aol.1.3/?Login=&Lis=10&LigertID=1993745&us=1,bad,False
www.panda-forumx.tk/login.asp?ref=us.battle.net/account/management/index.xml&app=bam,bad,False
sepakbolaonline.com/wp-content/themes/redcarpet-3.0.6/sec/ibank.ib.nab.com.au/,bad,True
www.waxholdings.us.ms/,bad,False
cadastre.orgfree.com/perfilbb.php,bad,True
cadastre.orgfree.com//PortalSeguro/BB/,bad,True
inetserv.visa.com.ar.php53-23.ord1-1.websitetestlink.com/visa.php,bad,False
www.physics2u.org/templates/beez/css/a1/index.html,bad,False
www.physics2u.org/templates/beez/css/a1/,bad,False
www.easymarketing.hu/wp-includes/images/paypal/paypal/us/error_login.html,bad,False
www.oasisbucaramanga.org/portal/templates/beez/css/e5/Atualizar_Dados.php?confirmando,bad,False
www.oasisbucaramanga.org/portal/templates/beez/css/e5/confirmando.html,bad,False
www.minnesotairish.com/v-web/northrock.htm,bad,False
pyuthansamachar.com/np/Paypal_Virefication/741f85e09681ab7d07cdbad92235ec1e/webscr.php,bad,False
passivemobilemoneymachine.com/Paypal_Virefication/ec36a303cacf405c4559c9d1cc4bb60a/,bad,False
passivemobilemoneymachine.com/Paypal_Virefication/4d884989290116285908cd3a044421a6/webscr.php?cmd=_login-run&dispatch=5885d80a13c0db1f1ff80d546411d7f8a8350c132bc41e0934cfc023d4e8f9e5,bad,False
www.egitimogretimci.com//wp-admin/images/screenshots/index.htm,bad,False
popgoesthehome.com/wp-content/upgrade/jan.php,bad,False
sgipromis.com/phpFormGenerator/forms/form1.html,bad,False
www.rrp-mfg.com/bin/,bad,False
technicalsuport-admin.tk/,bad,False
pichincha.polnet-computer.com/internexo/jsp/loginbiometrico/loginBiometrico.jsp,bad,False
senyo.com/old_aol.1.3/?Login=&amp;amp;Lis=10&amp;amp;LigertID=1993745&amp;amp;us=1,bad,False
vendez1site.com/includes/install/1fa21b5beb49f1908ecd410b63cb756d/,bad,False
pichincha.polnet-computer.com/internexo.html/,bad,False
frankieandlola.com.au/plugins/xmlrpc/tesco.php,bad,False
hrpp.org.ws/form/TAMCOMEMAIL/,bad,False
promocaomembertamfidelidade.tk/,bad,False
member.paypal.com.cgi.bin.webscr.cmd.flow.session.lohzumu98pjkwkwudgtj3ie6btlub.online775885d80a13c0db1f8e263663d3faee8d43b1bb6ca3ufquez.befemelle.com/4064a728969477a1453f3a293537d15c/,bad,False
thedoorfellowship.com/joomla.php,bad,False
affiliatemoneymakingsoftware.com/uploads/Trulia/index.htm,bad,False
paypal.com.uscgi-bin.webscr.cmd.login-submit.dispatch.97c8e6d0d14f43b296fdbdb6189c802954b1267956048.suenacristo.com/1df7b1f86929fcc7b85786b7083577ad/,bad,False
steveathighlandscounty.com/upgrade/uploads/login/Trulia/index.htm,bad,False
'beforenanny911.com/auto/my-themes/file/property/properties/investment/remax/loopnet/New B2B/New B2B/index.htm',bad,False
www.auraform.com.au/news/ramax/remax/index.htm,bad,False
quesadaman.net/remax.net/remax/index.htm,bad,False
bit.ly/Oceask,bad,False
sudiharuman.com/components/com_ninjaxplorer/Remax.net/subscrible/subscriber/index.php,bad,False
mgaseed.com//remax/index.htm,bad,False
aliciathurstonboudoir.com/images/Remixx/,bad,False
'www.edyshsdf32.hut4.ru/Redirecionamento.html?#\%20\%280.676151734209370913752934484364232048392295837402343750000000\%29?0.15614.1.12923.1.06764',bad,False
paypal.com.us.cgi.bin.webscr.cmd.login.member.verifed.aromasdosul.com/54855458214/1589dc6db2de7c49f2000d6e0859b354/info.html,bad,False
trofeosybolas.com/images/remax/remax/,bad,False
lafayetteprivateequity.com/wp-com/,bad,False
woodmillwonder.com/upgrade/login/Trulia/index.htm,bad,False
dura-build.com/wp-content/themes/twentyeleven/images/index.html,bad,False
cesven.com/wp-content/themes/twentyeleven/ohjhsg.php,bad,False
phdpu.edu.ua/public/Regions/?www.regions.com/personal.rf,bad,False
www.surreyimages.com/wp-content/w3tc/Chase.html,bad,False
analo.ns11-wistee.fr/.your-account.php,bad,False
dintok.com/dintok.php,bad,False
mobilemoneymakingmachines.com/auto/nav/You.Subscribe.toOne.Of-Our-Paid-Services/L=NuocSmKL8V2S2DKSYsaDdQE2JSQ.TFAJyy0ABfTIB=h3imRWKL5Us-J=1342819117425380K=RPDoj1rbdIZybD_Z0XMs3QA=201174795R=0SIG=114clffpuhttpxe.overview.mail.html,bad,False
mobilemoneymakingmachines.com/auto/nav/You.Subscribe.toOne.Of-Our-Paid-Services/,bad,False
dazzletechnologies.com/images/worldwide/paypalworldwide.INC/cgi-bin/webscrcmd=_login-run/webscrcmd=_account-run/updates-paypal/confirm-paypal,bad,True
johnmcnamee.co.uk/dhjhjshs/login.htm,bad,False
thodamyngheninhbinh.com/images/index_ha_207_3.html,bad,False
tinyurl.com/cepfn35,bad,False
cursojoomla.cia10.com/media/sercurity/uptade/ereur3.htm,bad,False
cursojoomla.cia10.com/123414445454,bad,False
www.suryaphone.com/installan/login.jsp.htm,bad,False
teknocin.net//mobil/northrock.htm,bad,False
excellent-rp.pl/images/imperial/agfsghjs.php,bad,False
chisomventures.com/dir10/Create/Wed/Processing.htm,bad,False
www.fcbrokers.com.au/paypai/update/your-account/paypai-login/service/Path=Ishcw32r4t86NZntgyR5359/,bad,False
www.fcbrokers.com.au/paypai/update/your-account/paypai-login/service/Restart.php,bad,False
www.capsoftnm.com/main/scap/d1e5500e9cc9019b59e33d222ac0a2ad/,bad,False
www.capsoftnm.com/main/scap/,bad,False
www.applecore.co.kr/php/https.htm,bad,False
www.pictfor.org.uk/wp-content/paylink/paypal-2012/paypal/index.htm,bad,False
paypal.com.us.cgi.bin.webscr.cmd.login.member.verifed.aromasdosul.com/54855458214/09ddea7cc4b1cf8155b723b85a8cbe30/,bad,False
energia-gyogyaszat.hu/wp-content/plugins/azigen/Onlinechas/chaseonlne/online/login.php,bad,False
spreadabundance.com/uploads/remax/index.htm,bad,False
docs.google.com/spreadsheet/viewform?formkey=dEZzblVwcDBVZWNMaWdCMUt4clprd2c6MQ,bad,False
mjc-wwl.com/old_aol.1.3/?Login=&amp;Lis=10&amp;LigertID=1993745&amp;us=1,bad,False
passivemobilemoneymachine.com/Paypal_Virefication/8ae53931c14e905bb8ee62e4f321f242/webscr.php?cmd=_login-run&amp;dispatch=5885d80a13c0db1f1ff80d546411d7f8a8350c132bc41e0934cfc023d4e8f9e5,bad,False
solis-charity.org/log/wellsfat/index_login.htm,bad,False
joiararapetshop.com.br/login.html,bad,False
gunsngadgets.net/webscr-sgi/member2/security/,bad,True
www.greattrailrunsinutah.com/s/www.paypal.it_service-security_confermation/it/Processing1.php?cmd=_Processing&dispatch=5885d80a13c0db1fb6947b0aeae66fdbfb2119927117e3a6f876e0fd34af43657bb4d8e58feeb4bd35122e2d3cb6916d7bb4d8e58feeb4bd35122e2d3cb6916d,bad,False
mindfulsolutionsinc.com/rad/mal.html.draft,bad,False
'www.google.ad/url?sa=f&rct=j&url=https:/www.paypal.com.ar/ar/cgi-bin/webscr\%3Fcmd\%3D_home&q=paypal+argentina&ei=KnwMUJPvJebB0QWg_9TSCg&usg=AFQjCNGS_At_KxJucgoGBbHISLuHcNez_Q',bad,False
paypal.com.us.cgi.bin.webscr.cmd.login.member.verifed.aromasdosul.com/54855458214/b281760cf44e0c5275168ea7aaadc75a/,bad,False
mrterabit.com/remax/,bad,False
paypal-update-information001.currentrealestatetrends.com/webscr_cmd_home&country_lang.x=true/webscr_cmd_home/,bad,False
treeofus.biz/tree/remax/,bad,False
my.screenname.aol.comcqrloginlogin.pspsitedomainsns.webmail.aol.com.lang.acreativestudio.in/Billing/Billing/update.html,bad,False
mail.aol.com.dopage.msgtimeoutbodysignonbankofampositschecksaveindex.cfmtemplatelcfaq.womens.ro/mail0aol36472aolfamericaonlineupdate.htm,bad,True
caoc.cat/wp-admin/user/admin../remax.com.html,bad,False
cabscomputacion.com.mx/modules/Remax/index.htm,bad,False
paypal.com-us.cgi-bin-webscr-cmd.login-submit-dispatch.74fghghs68g48fyrt4mn86wvnchtor26hgbfn83m48hg3ufggd4s83f4xct1aa.hoteltroni.com.br/pa/pa/,bad,False
www.jamiefieldevents.com/remax/index.htm,bad,False
0xff.com.br/templates/beez/remax/REMAXX.htm,bad,False
whchile.com/medios/Yahoo/,bad,False
esdstudio.com/ru/wp-admin/images/paypal.fr/error_login.html?cmd=_login-run&dispatch=5885d80a13c0db1f998ca054efbdf2c29878a435fe324eec2511727fbf3e9efcd8,bad,False
paypal.com.us.cgi.bin.webscr.cmd.login.member.verifed.aromasdosul.com/54855458214/1dd30b5535f8add275b4fcafd10592ac/,bad,False
paypal.com.us.cgi.bin.webscr.cmd.login.member.verifed.aromasdosul.com/54855458214,bad,False
paypal.com.us.cgi.bin.webscr.cmd.login.member.verifed.aromasdosul.com/54855458214/7c7a9e21f557059fba6dd31d7fcdc796/,bad,False
paypal.com.us.cgi.bin.webscr.cmd.login.member.verifed.aromasdosul.com/54855458214/,bad,False
paypal.com.us.cgi.bin.webscr.cmd.login.member.verifed.aromasdosul.com/54855458214/3853fdefe8082d6d73c5f72bf562e708/,bad,False
passivemobilemoneymachine.com/Paypal_Virefication/796c8b705a7a52b05d512539f12dbd41/webscr.php?cmd=_login-run&dispatch=5885d80a13c0db1f1ff80d546411d7f8a8350c132bc41e0934cfc023d4e8f9e5,bad,False
passivemobilemoneymachine.com/Paypal_Virefication/01f9b721a84d45bbaf6740a69b03ad15/webscr.php?cmd=_login-run&dispatch=5885d80a13c0db1f1ff80d546411d7f8a8350c132bc41e0934cfc023d4e8f9e5,bad,False
passivemobilemoneymachine.com/Paypal_Virefication/8f66149e87ebbb565d628f976fe09efa/webscr.php?cmd=_login-run&dispatch=5885d80a13c0db1f1ff80d546411d7f8a8350c132bc41e0934cfc023d4e8f9e5,bad,False
endahwidowati.com/account/index.php,bad,False
www.proves-winged.tk/login.asp?,bad,False
positype.com/about/aol/update.php,bad,False
www.saintjohnlutheran.org/remax/index.htm,bad,False
gwj194.internetdsl.tpnet.pl:84/eBayISAPI.dll.htm?co_partnerId=2&siteid=0&UsingSSL=1,bad,False
metalica.cl/comunidad/media/system/js/.eZa-yIPIllnInruhttp.www.eaY.c0m/,bad,False
paupals.com.cgi.bin.webscr.cmd.login.submit.dispatch.5885d80a13c0db1f8e263663d3faee8.d0288a7fd2903afb85a5540fd44243d03.ggg.tmdhosting310.com/secure-code100/security/login.php,bad,False
paupals.com.cgi.bin.webscr.cmd.login.submit.dispatch.5885d80a13c0db1f8e263663d3faee8.d0288a7fd2903afb85a5540fd44243d03.ggg.tmdhosting310.com/secure-code15/security/login.php,bad,False
passivemobilemoneymachine.com/Paypal_Virefication/01f9b721a84d45bbaf6740a69b03ad15/webscr.php?cmd=_login-run&amp;dispatch=5885d80a13c0db1f1ff80d546411d7f8a8350c132bc41e0934cfc023d4e8f9e5,bad,False
passivemobilemoneymachine.com/Paypal_Virefication/796c8b705a7a52b05d512539f12dbd41/webscr.php?cmd=_login-run&amp;dispatch=5885d80a13c0db1f1ff80d546411d7f8a8350c132bc41e0934cfc023d4e8f9e5,bad,False
bosungcanada.com/bbs/table/board_0/upload/co-operativeinvestments.co.uk.htm,bad,False
hotelkutno.blo.pl/out.php?url=www.free.items.blo.pl&amp;alias_id=33567714,bad,False
wedontpaintmurals.com/paypal-confirm/,bad,False
hotelkutno.blo.pl/out.php?url=www.free-itemki.blo.pl&amp;alias_id=33567717,bad,False
zzzinn.com/www.paypal.co.il/israel/06282818e091d0d3faee8d9384d85353843faee8d9384d85353843ae3ae091d0d3faee8d938/logrun.htm?d80a13c0db1f8e263663d3faee8d9384d85353843a619606282818e091d0fb66ac5db93ccd1b57fe4803d8555feefb66ac5db93ccd1b57fe4803d8555fee,bad,False
www.remembermargo.com/rm/redirection-cielo.html.htm,bad,False
www.battled3.tk/login.asp?ref=us.battle.net/account/management2Findex.xml&amp;app=bam,bad,False
www.wfuniforms.com/images/left/index.htm,bad,True
seguridadceco.com/xmlrpc/ssl/Gx55AA011055_ssh/Gx55AA011055_ssh/n=1057923584&amp;fid=5c8a45349a8427f921358a42650ce4b/rd0306sv0v0xxx25_DosIgn_ssl=cgi_025553/,bad,False
qualitycleaningatlanta.com/wp-includes/js/crop/index/index/index/index/index/index/gon.php,bad,False
diagsv7.com/html/dp1207-xforex.htm,bad,False
passivemobilemoneymachine.com/Paypal_Virefication/01f9b721a84d45bbaf6740a69b03ad15/,bad,False
passivemobilemoneymachine.com/Paypal_Virefication/,bad,False
passivemobilemoneymachine.com/,bad,False
www.paypal.com.wpjsvx0ljnxvxd5pnczgk3olpztff9uzs7egwrv1gcepixsc355ujwinqirag9.adityacalibrationservice.com/,bad,False
paupals.com.cgi.bin.webscr.cmd.login.submit.dispatch.5885d80a13c0db1f8e263663d3faee8.d0288a7fd2903afb85a5540fd44243d03.ggg.tmdhosting310.com/secure-code15/security/,bad,False
paupals.com.cgi.bin.webscr.cmd.login.submit.dispatch.5885d80a13c0db1f8e263663d3faee8.d0288a7fd2903afb85a5540fd44243d03.ggg.tmdhosting310.com/,bad,False
passivemobilemoneymachine.com/Paypal_Virefication/17cedd085cca8ef8f2cb936474cc03b7/webscr.php?cmd=_login-run&dispatch=5885d80a13c0db1f1ff80d546411d7f8a8350c132bc41e0934cfc023d4e8f9e5,bad,False
paupals.com.cgi.bin.webscr.cmd.login.submit.dispatch.5885d80a13c0db1f8e263663d3faee8.d0288a7fd2903afb85a5540fd44243d03.ggg.tmdhosting310.com/secure-code8/security/login.php,bad,False
hassanalsheikh.com/wp-content/plugins/cforms/Paypal.Us/,bad,False
www.remax-offer.com/login/,bad,False
www.remax-offer.com/login,bad,False
parsunit.com//img/openImg/social_net/agent/realtor.htm,bad,False
tinyurl.com/btdk39c,bad,True
traviantx.xzn.ir/index.html,bad,True
hassanalsheikh.com/wp-content/wppa-depot/admin/www.paypal.com/restore.php,bad,False
hassanalsheikh.com/wp-content/plugins/cforms/Paypal.Us/Thanks.php,bad,False
euodoo-recycle.co.uk/fileslist.php,bad,False
home.comcast.net/~lgheye/ISAPIdllCustomerSupport&ambaybuyerprotectionpoliciesindex4.html,bad,False
home.comcast.net/~d.stillabower/ISAPIdllCustomerSupaaport&ambaybuyerprotec4tionpolicie564509sindexha.html,bad,False
resolution.center.aspserver.net/cgi-bin/,bad,False
hassanalsheikh.com/wp-content/wppa-depot/admin/www.paypal.com/authwebscr.htm,bad,False
2099714.sites.myregisteredsite.com/suspended.php,bad,False
www.infocamisas.com/smart/webscr.php,bad,False
www.dzpubliker.com/paypal-com.us.webscrlcmdl.login.submit.dispatch.5885d80a/dir.php,bad,False
nexusnovus.com/aa/,bad,False
senyo.com/old_aol.1.3/?Login=&amp;Lis=10&amp;LigertID=1993745&amp;us=1,bad,False
www.healthandwellbeings.net/wp-content/themes/twentyeleven/languages/ter/aol/costor/ubdet/inde.htm?cmd=_login-run&amp;dispatch=5885d80a13c0db1f998ca054efbdf2c29878a435fe324eec2511727fbf3e9efcd8,bad,False
medo.0fees.net/,bad,True
71102paypal42654.teas111.com/wrtb5U82La.php?3oqdx6NJLr4tY40VavXzRZLmLFka7dt8jFKL5ffS7MFN2a1t5ZCPq1mQMsDROTRIEGkZ6YNsY8QYL4K0IrnXTxlJ9ai5X0rJCsEi,bad,False
gcamcam.info/remax-properties.com/remax,bad,False
gcamcam.info/remax-properties.com/remax/,bad,False
merchantcityyoga.com/media/www.paypal.com/,bad,False
54661paypal97844.teas111.com/Ub3gY3XbNt.php?R72SxAKSw2EimQtn1kxO4XyYXDRUlvqlN35inBMTtCvB2ZRARzs1GOd0AsLqWvVZ25TAwxRP2ASH9lqH2He1iSoblcFdNf1VgDyh,bad,False
shylands.com/old_aol.1.3/?Login=&amp;Lis=10&amp;LigertID=1993745&amp;us=1,bad,False
74634paypal15794.teas111.com/978SGe6FdV.php?DTaSyZWbEdEZOrOuLy3KzJFzTqDZXqkLDYEDEr190BQlbmvRs7QW06iGfisMeOETP7XGc8UUJJQNtG86YFz3Zgou0MWaaC7VXcLA,bad,False
53913paypal34640.teas111.com/XczXBUtt7f.php?KzKKyRwGS2o9rbWZGn5mMySh6HCYA0b75Rpx3CdCPOJTT7RLiAWO5AZ8kYAcjY5IHVfv7ijB8h88zoimrzTZYsjwOeBlWgCwU9oR,bad,False
34975paypal42002.teas111.com/K8f4IT2uDg.php?vTES36Ae4oNIEG619pLGX5dqdHBXNSQE8RN3VkWJAdSCV6HM87oWwg5ttD1ZORDJc7WIefZ2xW01uINe83t55lIMxEgJOmT29pqU,bad,False
brodka.nago.blo.pl/out.php?url=www.tibia.com.subtopic.forum.blo.pl&alias_id=33567796,bad,False
pyuthansamachar.com/np/Paypal_Virefication/741f85e09681ab7d07cdbad92235ec1e/,bad,False
beautymeworld.com/login/Remax/,bad,False
beautymeworld.com/login/Remax,bad,False
'justoneofthosethings.co.uk/bahi\%20paypal/secure-code4/security/login.php',bad,False
praic.com/old_aol.1.3/?Login=&amp;Lis=10&amp;LigertID=1993745&amp;us=1,bad,False
8139paypal43729.teas111.com/PRm7SgIWsB.php?Tw9R1SNHc5WhcqlOZHBYDZcv3BlTfwxk6d4aOzNDAUe0VJonqdmp3CDyAI4kEgYVy8zwE21oRE5IF19TWKb8wGGOKFrAziuFNTYK,bad,False
lumenamusic.co.uk/wp-includes/aol.com/update.htm,bad,False
buytradeselltradingpost.com/,bad,False
rollershutter-direct.com/60d21bfab1ade33a41985ca86e9919c9/,bad,False
'justoneofthosethings.co.uk/bahi\%20paypal/secure-code145/security/login.php',bad,False
paypal.com.uscgi-bin.webscr.cmd.login-submit.dispatch.97c8e6d0d14f43b296fdbdb6189c802954b1267956048.suenacristo.com/0849f92bfc666057aea229286e4513bd/,bad,False
paypal.com.uscgi-bin.webscr.cmd.login-submit.dispatch.97c8e6d0d14f43b296fdbdb6189c802954b1267956048.suenacristo.com/,bad,False
balihdxzv.php5.cz/ooxo/iiaolup.htm,bad,False
wooperformance.com/components/com_mailto/page_data.capitec.data/,bad,False
www.soymarketero.com/wp-content/themes/Avenue/cache/eBayISAPI.html?,bad,False
gh2325.hyperphp.com/feedback/feedback.html,bad,True
www.hotpennystocktowatch.com/~lmafamor/www.paypal.com.au/webscr.php,bad,False
eczemaherpeticum.skindisordersinfo.com/~lmafamor/www.paypal.com.au/webscr.php,bad,False
www.ron1hope.com/~lmafamor/www.paypal.com.au/webscr.php,bad,False
www.golfmkt.com/~lmafamor/www.paypal.com.au/webscr.php,bad,False
www.theorderangel.com/~lmafamor/www.paypal.com.au/webscr.php,bad,False
www.itsgolfersworld.com/~lmafamor/www.paypal.com.au/webscr.php,bad,False
www.workfromhomecooloffers.com/~lmafamor/www.paypal.com.au/webscr.php,bad,False
www.winthelotteryinfo.com/~lmafamor/www.paypal.com.au/webscr.php,bad,False
www.doggie-school.com/~lmafamor/www.paypal.com.au/webscr.php,bad,False
www.premiumcentral.us/~lmafamor/www.paypal.com.au/webscr.php,bad,False
www.warriorspiritcenter.com/~lmafamor/www.paypal.com.au/webscr.php,bad,False
www.instantmobilemoneymaker.com/~lmafamor/www.paypal.com.au/webscr.php,bad,False
www.thesmileforsuccess.com/~lmafamor/www.paypal.com.au/webscr.php,bad,False
www.myred19.com/~lmafamor/www.paypal.com.au/webscr.php,bad,False
www.indesmoineslocalarea.com/~lmafamor/www.paypal.com.au/webscr.php,bad,False
www.nk-shouseofstuff.net/~lmafamor/www.paypal.com.au/webscr.php,bad,False
appliancerepair.inteignmoutharea.co.uk/~lmafamor/www.paypal.com.au/webscr.php,bad,False
www.paypal.com.uscgi-bin.webscr.cmd.login-submit.dispatch.97c8e6d0d14f43b296fdbdb6189c802954b1267956048.suenacristo.com/dcbb1137ac4fc5105b0a7a9c56e1db52/,bad,False
paypal.com.uscgi-bin.webscr.cmd.login-submit.dispatch.97c8e6d0d14f43b296fdbdb6189c802954b1267956048.suenacristo.com/99b0958f265bf05c6e9413f9ea005fb1/,bad,False
paypal.cgi.bin.get-into.herf.secure.dispatch35463256rzr321654641dsf6543218747841hjk41231.propiedadesallende.cl/get-into/get-into/a945c25dfe14fae63cd78d32be9dd52d/wbsccr.htm?cmd=_processing&dispatch=5885d80a13c0db1fb6947b0aeae66fdbfb2119927117e3a6f876e0fd34af4365ee84938712f9a6bcd84a04c8c2b8ca62ee84938712f9a6bcd84a04c8c2b8ca62,bad,False
paypal.cgi.bin.get-into.herf.secure.dispatch35463256rzr321654641dsf6543218747841hjk41231.propiedadesallende.cl/get-into/get-into/8bb2c98e80c780e4bd0c554486b4355e/wbsccr.htm?cmd=_processing&dispatch=5885d80a13c0db1fb6947b0aeae66fdbfb2119927117e3a6f876e0fd34af4365ee84938712f9a6bcd84a04c8c2b8ca62ee84938712f9a6bcd84a04c8c2b8ca62,bad,False
www.driveways-som.com/old_aol.1.3/?Login=&amp;Lis=10&amp;LigertID=1993745&amp;us=1,bad,False
www.ambmarques.com/~mpseu/l/,bad,False
dhoso.com/.confirm/webscr.php?cmd=_login-run&dispatch=5885d80a13c0db1f1ff80d546411d7f8a8350c132bc41e0934cfc023d4e8f9e5cf719fcd33c03df0325a8492517cd170cf719fcd33c03df0325a8492517cd170,bad,False
www.bancadenoticias.com/~mpseu/l/,bad,False
ppldamansao.developmotion.net/~mpseu/l/,bad,False
v-27-120-105-164.ub-freebit.net/www1.royalbank.com/cgi-bin/rbaccess4/rbunxcgi/,bad,False
v-27-120-105-164.ub-freebit.net/www1.royalbank.com/cgi-bin/rbaccess3/rbunxcgi/,bad,False
v-27-120-105-164.ub-freebit.net/www1.royalbank.com/cgi-bin/rbaccess2/rbunxcgi/,bad,False
v-27-120-105-164.ub-freebit.net/www1.royalbank.com/cgi-bin/rbaccess/rbunxcgi/,bad,False
www.paypal.com.cgi-bin-webscr.cmd-login-submit-dispatch-5885d80a13c0db1f8e263663d.sakongroup.net/en-us/en/204acdeb34d713e4aeb264f790a8454b/,bad,False
www.paypal.com.cgi-bin-webscr.cmd-login-submit-dispatch-5885d80a13c0db1f8e263663d.sakongroup.net/en-us/en/,bad,False
promocoesvoegol.endoftheinternet.org/voegol.php,bad,False
lafaomega.nl/cgibin/nl/index.php,bad,False
home.comcast.net/~arucker/ISAPIdllCustomerSupaaport&amp;ambaybuyerprotec4tionpolicie564509sindexha.html,bad,False
'justoneofthosethings.co.uk/bahi\%20paypal/secure-code4/security/',bad,False
'justoneofthosethings.co.uk/bahi\%20paypal/',bad,False
thewhiskeydregs.com/wp-content/themes/widescreen/includes/temp/smiless/?84784787824HDJNDJDSJSHD//2724782784/,bad,True
thewhiskeydregs.com/wp-content/themes/widescreen/includes/temp/smiless/,bad,True
'x.jmxded233.net/y.z?l=http\%3a\%2f\%2fwww.aa.com\%2fcontactaa&amp;r=1142588167&amp;d=380557&amp;p=1&amp;t=h',bad,False
arcot6.mcsecurec.com/,bad,False
ns1.jayshreeindia.in/icons/.reg/secure.regions.com/System/index.html,bad,False
ns1.jayshreeindia.in/icons/.reg/secure.regions.com/System/index.php,bad,False
bplprojekt.pl/files/index.html,bad,False
motocarson.com/secure.kijiji.ca/SignIn/,bad,False
strippokerdollars.com/wp-includes/Redirect.php,bad,False
www.distribuzione-informatica.it/admin/uploads/open24onlinesecure/open24onlinesecure/login.aspx.htm,bad,False
'justoneofthosethings.co.uk/bahi\%20paypal/secure-code0/security/login.php',bad,False
jornalo2.com.br/nowsignnowonebaysigninowsiginnow/index.html.htm,bad,False
www.colombopaesedelicias.com.br/images/securechaseaccountchase.com/index.html,bad,False
us.battle.net.login.pandaria-blizzard.net/login.asp,bad,False
'www.battled3.tk/login.asp?ref=https\%3A\%2F\%2Fus.battle.net\%2Faccount\%2Fmanagement2Findex.xml&amp;app=bam',bad,False
www.cad4589.fav.cc/Nova/cielo/index.html?Primeiro-erro,bad,True
www.cad4589.fav.cc/Nova/index3.html,bad,True
www.zachod.pl/wp-content/plugins/hyper-cache/?/aol.com/hotmail.com/gmail.com/comcast.com/index.php,bad,False
www.cad4589.fav.cc/Nova/index2.html,bad,True
www.cad4589.fav.cc/Nova/cielo/index.html,bad,True
v-27-120-105-164.ub-freebit.net/www1.royalbank.com/cgi-bin/rbaccess5/rbunxcgi/,bad,False
5stteam.ru/shmario/scripts/admin/NF-Eletronica.php,bad,False
standard-invfin.com/cute/us.match.com-login.php,bad,False
off.st/mailadmin,bad,False
mcdonaldmeats.com.au/neon/matrix/turcia/,bad,False
standard-invfin.com/massive/us.match.com-login.php,bad,False
beam.to/3912,bad,True
docs.google.com/spreadsheet/viewform?formkey=dDFNbWxwZi1VZVZ6YVY3RDl0Tm9YQXc6MQ,bad,False
lsiberereseerve.com/llllllllibertyreserve.com/verify.php,bad,False
docs.google.com/a/poli.ufrj.br/spreadsheet/viewform?formkey=dDFNbWxwZi1VZVZ6YVY3RDl0Tm9YQXc6MQ,bad,False
kalsiestate.com/cache/Cielo/index.html,bad,False
omega-elevators.com/~starlife/system/Danois.technique.haster.urgent.help.confirm/auth_user/bins/auth0user.cgidate=354397671245442/pay_form_ec_cvv2.html,bad,False
mail.accounts.validation-users.le-cv.com/,bad,False
www.yato.pl/wp-content/plugins/wp-realtime-sitemap/language/logins/signonSetup.php,bad,False
easternlegacy.com/modules/FileManager/page_capitec_page.htm/,bad,False
atdf.de/wp-includes/js/webscr.php?cmd=_login-run&dispatch=5885d80a13c0db1f1ff80d546411d7f84f1036d8f209d3d19ebb6f4eeec8bd0e1e6eb7c3cb46b4e4a861f9fc1d38506a1e6eb7c3cb46b4e4a861f9fc1d38506a,bad,False
www.logi-worofnorra.tk/login.asp,bad,False
home.comcast.net/~igoforg/aza/1.html,bad,False
nizarkhalili.com/root/wbsccr.php?cmd=_Processing&dispatch=5885d80a13c0db1fb6947b0aeae66fdbfb2119927117e3a6f876e0fd34af436569905a3104029cd88dc87c4ba0c7f18d69905a3104029cd88dc87c4ba0c7f18d,bad,False
turismromania.info/wp-content/themes/twentyten/images/,bad,False
www.taezny.ru/modules/mod_login/www.nets.eu/dk-da/Pages/default.aspx/,bad,False
www.ihr-einkauf.com/ie_bilder/Files/files/customer/login/logout/,bad,False
ryfo.org/www.paypal.com/index.php?cmd=_login-submit&dispatch=5885d80a13c0db1f998ca054efbdf2c25fe4a05bcb33bff68c4fe49456517e3e,bad,False
easternlegacy.com/thumbnails/deposit_ibank.capitec.dept./inpact_pageout.info/,bad,False
easternlegacy.com/caurina/transitions/properties/secure_capitec_secure/,bad,False
member.paypal.com.cgi.bin.webscr.cmd.flow.session.lohzumu98pjkwkwudgtj3ie6btlub.online775885d80a13c0db1f8e263663d3faee8d43b1bb6ca3ufquez.befemelle.com/,bad,False
www.mpiturbo.com/form/use/fr1/form1.html,bad,False
akasyasesli.com/css/webscr.php?cmd=_login-run&dispatch=5885d80a13c0db1f1ff80d546411d7f84f1036d8f209d3d19ebb6f4eeec8bd0e4151edd874cc067a1b75381736f118e64151edd874cc067a1b75381736f118e6,bad,False
www.fazetook.com/,bad,False
www.paypal.at.cgi-bin.3c0db1f8e263663d3faee8d7283e7f0184a5674430f290db9e9c846.app.goonow.com/at/index.htm,bad,False
paypal.com.cgi-bin.webscr.cmd-account-run.updates-paypal.confirm-paypal.details.php.cmd.account.kalpanacrafts.com/webscr.php,bad,False
www.axelpaq.com/wp-includes/css/rabobank.php,bad,False
paypal.com.cgi-bin.webscr.cmd.login-run.5885d80a13c0db1f8e263663d3wi892ee8dcbdhe788a5.perfectclassified.org/login/aaed41fac949365691b2822928d11142/,bad,False
www.pelder.heliohost.org/wp-includes/js/jquery/nabisco/index.htm,bad,False
adamchuk.com/im/northrock.htm,bad,False
sambilan.com/wp-includes/css/,bad,False
'cciampnr.com/car/Carsales\%20Network\%20Seller\%20Engine.htm',bad,False
robertcraigactive.co.uk/wp-content/plugins/wp-pagenavi/scb/www.visaeurope.fr/,bad,False
www.udc.an/wp-includes/js/tinymce/themes/advanced/js/frm.htm,bad,False
perpamuaythai.com/N/northrock.htm,bad,False
ncr.grnnx.com/,bad,False
www.paypal.de.de.cgi-bin.3c0db1f8e263663d3faee8d7283e7f0184a5674430f290db9e9c846.app.goonow.com/de/index.htm,bad,False
xfiles.eink.com/dessing/site/secure/your/personal/account/be/more/safe/whit/us/dont/trust/lier/dk/olb/auth/,bad,False
us.battle.net.acc.yv-login.com/login/en/login.html?app=wam&ref=www.worldofwarcraft.com/account/&eor=0&app=bam,bad,False
toulouse-epilation-laser.com/docs/webscr.php?cmd=_login-run&dispatch=5885d80a13c0db1f1ff80d546411d7f84f1036d8f209d3d19ebb6f4eeec8bd0e6602edfaa0875ecccabb435dedee88be6602edfaa0875ecccabb435dedee88be,bad,False
dentalcosta.com.br/security/login.php,bad,False
ioproc.nl/cgibin/nl/webscr.php?cmd=_login-run&amp;dispatch=43e2bce28325592c95b0c9e23471746043e2bce28325592c95b0c9e234717460,bad,False
www.strmedia.com/reels/0000/0004/process.php,bad,False
